  
  
  [
  {
    "id":1,
    "color": "black",
    "hat":true,
    "watch":true,
    "groomed":true,
    "price":250,
    "longhair":false,
    "glasses":false,
    "headphone":false,
    "brand":"roadster",
    "img":["./productsImages/11product.png","./productsImages/12product.png","./productsImages/13product.png","./productsImages/14product.png"],
    "size":["L","M","S","XL"]
},
  {
    "id":2,
    "color": "gray",
    "hat":false,
    "watch":true,
    "groomed":false,
    "price":450,
    "longhair":false,
    "glasses":true,
    "headphone":false,
    "brand": "moda",
    "img":["./productsImages/21product.png","./productsImages/22product.png","./productsImages/23product.png","./productsImages/24product.png"],
    "size":["L","M","S","XL"]
},
  {
    "id":3,
    "color":"steelblue",
    "hat":false,
    "watch":false,
    "groomed":false,
    "price":600,
    "longhair":false,
    "glasses":false,
    "headphone":true,
    "brand": "london hills",
    "img":["./productsImages/31product.png","./productsImages/32product.png","./productsImages/33product.png","./productsImages/34product.png"],
    "size":["L","M","S","XL"]
},
  {
    "id":4,
    "color": "orange",
    "hat":false,
    "watch":true,
    "groomed":true,
    "price":300,
    "longhair":false,
    "glasses":true,
    "headphone":false,
    "brand": "london hills",
    "img":["./productsImages/41product.png","./productsImages/42product.png","./productsImages/43product.png","./productsImages/44product.png"],
    "size":["L","M","S","XL"]
},
  {
    "id":5,
    "color": "lightcoral",
    "hat":false,
    "watch":false,
    "groomed":true,
    "price":1500,
    "longhair":false,
    "glasses":false,
    "headphone":false,
    "brand": "louis philipe",
    "img":["./productsImages/51product.png","./productsImages/52product.png","./productsImages/53product.png","./productsImages/54product.png"],
    "size":["L","M","S","XL"]
},
  {
    "id":6,
    "color": "black",
    "hat":true,
    "watch":false,
    "groomed":true,
    "price":650,
    "longhair":false,
    "glasses":false,
    "headphone":false,
    "brand": "hrx",
    "img":["./productsImages/61product.png","./productsImages/62product.png","./productsImages/63product.png","./productsImages/64product.png"],
    "size":["L","M","S","XL"]
},
  {
    "id":7,
    "color":"indianred",
    "hat":true,
    "watch":false,
    "groomed":false,
    "price":1600,
    "longhair":false,
    "glasses":false,
    "headphone":false,
    "brand": "puma",
    "img":["./productsImages/71product.png","./productsImages/72product.png","./productsImages/73product.png","./productsImages/74product.png"],
    "size":["L","M","S","XL"]
},
  {
    "id":8,
    "color":"lightcoral",
    "hat":false,
    "watch":false,
    "groomed":false,
    "price":500,
    "longhair":true,
    "glasses":true,
    "headphone":false,
    "brand": "moda",
    "img":["./productsImages/81product.png","./productsImages/82product.png","./productsImages/83product.png","./productsImages/84product.png"],
    "size":["L","M","S","XL"]
}

]